<?xml version="1.0" encoding="UTF-8"?>
<!DOCTYPE tiles-definitions PUBLIC
        "-//Apache Software Foundation//DTD Tiles Configuration 3.0//EN"
        "http://tiles.apache.org/dtds/tiles-config_3_0.dtd">

<tiles-definitions>

    <!-- tiles 미적용 -->
    <definition name=".admin" template="/WEB-INF/tiles/template.jsp">
        <put-attribute name="header" value="" />
        <put-attribute name="footer" value="" />
        <!--        <put-attribute name="left" value="/WEB-INF/tiles/left.jsp" />-->
    </definition>

    <!-- tiles 적용 -->
    <definition name="template" template="/WEB-INF/tiles/template.jsp">
        <put-attribute name="header" value="/WEB-INF/tiles/header.jsp" />
        <put-attribute name="footer" value="/WEB-INF/tiles/footer.jsp" />
<!--        <put-attribute name="left" value="/WEB-INF/tiles/left.jsp" />-->
    </definition>

    <!-- tiles 적용 -->
    <definition name="*/*" extends="template">
        <put-attribute name="main" value="/WEB-INF/views/{1}/{2}.jsp" />
    </definition>

    <!-- tiles 미적용 -->
    <definition name="/admin/*" extends=".admin">
        <put-attribute name="body" value="/WEB-INF/views/admin/{1}.jsp" />
    </definition>

</tiles-definitions>