<?xml version="1.0" encoding="UTF-8"?>
<beans xmlns="http://www.springframework.org/schema/beans"
	xmlns:xsi="http://www.w3.org/2001/XMLSchema-instance"
	xmlns:tx="http://www.springframework.org/schema/tx"
	xmlns:p="http://www.springframework.org/schema/p"
	xmlns:c="http://www.springframework.org/schema/c"
	xmlns:aop="http://www.springframework.org/schema/aop"
	xmlns:mybatis-spring="http://mybatis.org/schema/mybatis-spring"
	xmlns:context="http://www.springframework.org/schema/context"
	xsi:schemaLocation="http://mybatis.org/schema/mybatis-spring http://mybatis.org/schema/mybatis-spring-1.2.xsd
		http://www.springframework.org/schema/beans https://www.springframework.org/schema/beans/spring-beans.xsd
		http://www.springframework.org/schema/context http://www.springframework.org/schema/context/spring-context.xsd
		http://www.springframework.org/schema/aop http://www.springframework.org/schema/aop/spring-aop.xsd
		http://www.springframework.org/schema/tx http://www.springframework.org/schema/tx/spring-tx.xsd">

	<!-- Root Context: defines shared resources visible to all other web components -->
	  <!-- <bean id="uservo" class="com.javateam.TimeLabel.model.MemberVO"/> -->
	 <!--  <bean id="CartVO" class="com.javateam.TimeLabel.model.CartVO"/>  -->
	 
	 <context:component-scan base-package="com.javateam.TimeLabel" />
<!--	 <context:component-scan base-package="com.javateam.TimeLabel.controller"></context:component-scan>-->
	 
	  <!-- <context:component-scan base-package="com.javateam.TimeLabel.model"></context:component-scan> -->
	  <!-- <context:component-scan base-package="com.javateam.TimeLabel.mapper"></context:component-scan> -->
	   
	<mybatis-spring:scan base-package="com.javateam.TimeLabel.mapper"/>
	 
	<!-- Addtional Trasactional Usage : @Transactional ~~ -->
	<bean id="transactionManager" class="org.springframework.jdbc.datasource.DataSourceTransactionManager">
		<property name="dataSource" ref="dataSource"></property>
	</bean>
	
	<tx:annotation-driven />

	<!-- AOP ready -->
	<aop:aspectj-autoproxy />

	<!-- HikariCP & log4jdbc -->
	<!-- https://github.com/brettwooldridge/HikariCP/wiki/HikariCP-Articles -->
	<!-- https://examples.javacodegeeks.com/enterprise-java/hikaricp/hikaricp-connection-pooling-example/ -->
	<bean id="dataSourceHiKariConfig"
		class="com.zaxxer.hikari.HikariConfig">
		<property name="driverClassName"
			value="org.mariadb.jdbc.Driver" />
		<property name="jdbcUrl"
			value="jdbc:mariadb://javalec-sat.crwq4oaekhum.ap-northeast-2.rds.amazonaws.com:3306/sang_db?allowMultiQueries=true" />
		<property name="username" value="sang" />
		<property name="password" value="sang1234" />
	</bean>

	<bean id="dataSource" class="com.zaxxer.hikari.HikariDataSource">
		<constructor-arg ref="dataSourceHiKariConfig" />
	</bean>
	
	<!-- <bean id="transactionManager"
		class="org.springframework.jdbc.datasource.DataSourceTransactionManager">
		<property name="dataSource" ref="dataSource" />
	</bean> -->

	<bean id="sqlSessionFactory"
		class="org.mybatis.spring.SqlSessionFactoryBean">
		<property name="dataSource" ref="dataSource" />
		<property name="typeAliasesPackage"
			value="com.javateam.TimeLabel.model" />
		<property name="mapperLocations"
			value="classpath:/com/javateam/TimeLabel/mapper/*.xml" />
		<property name="configuration" >
			<bean class="org.apache.ibatis.session.Configuration" >
				<property name="mapUnderscoreToCamelCase" value="true" />
			</bean>
		</property>		
	</bean>

	<bean id="sqlSession"
		class="org.mybatis.spring.SqlSessionTemplate"
		destroy-method="clearCache">
		<constructor-arg name="sqlSessionFactory"
			ref="sqlSessionFactory" />
	</bean>

	<bean id="uploadPath" class="java.lang.String">
		<constructor-arg value="resources" />
	</bean>

	
	
	
	<!--  <property name="configLocation" value="classpath:mybatis-config.xml"></property> -->
	<!-- 
	<property name="mapperLocations" value="classpath:com/**/*Mapper.xml"></property>
 -->
	
	
	<!-- //////////////////////////////////////////////////////////////// -->
	
	<!-- Root Context: defines shared resources visible to all other web components -->
	<!-- FileUpload : 파일 관리자 id (multipartResolver)는 가급적 그대로 사용할 것! -->
	<!-- <bean id="multipartResolver"
		   class="org.springframework.web.multipart.commons.CommonsMultipartResolver">
		<property name="maxUploadSize" value="52428800" />  
		파일 크기 제한 : 50MB = 50 * 1024 * 1024
  	</bean>			   -->
	
	<!-- File repository : 파일 저장소
		  업로드 이미지는 image 파일 폴더에 저장되고 썸네일은 thumbnail 폴더에 저장됨. -->
	<!-- 참고로 썸네일 저장소도 별도로  폴더(D:/bsh/works//upload/thumbnail)를 작성해야 합니다. -->
	<!-- <bean id="uploadDirResource" 
		  class="org.springframework.core.io.FileSystemResource">
	    <constructor-arg>
	      <value>D:/bsh/upload/</value>
	    </constructor-arg>
	</bean> -->

</beans>