<?xml version="1.0" encoding="UTF-8"?>
<beans:beans
	xmlns="http://www.springframework.org/schema/mvc"
	xmlns:xsi="http://www.w3.org/2001/XMLSchema-instance"
	xmlns:beans="http://www.springframework.org/schema/beans"
	xmlns:context="http://www.springframework.org/schema/context"
	xmlns:c="http://www.springframework.org/schema/c"
	xmlns:p="http://www.springframework.org/schema/p"
	xsi:schemaLocation="http://www.springframework.org/schema/mvc https://www.springframework.org/schema/mvc/spring-mvc.xsd
		http://www.springframework.org/schema/beans https://www.springframework.org/schema/beans/spring-beans.xsd
		http://www.springframework.org/schema/context https://www.springframework.org/schema/context/spring-context.xsd">

	<!-- DispatcherServlet Context: defines this servlet's request-processing 
		infrastructure -->

	<!-- Enables the Spring MVC @Controller programming model -->
	<annotation-driven />

	<!-- Handles HTTP GET requests for /resources/** by efficiently serving 
		up static resources in the ${webappRoot}/resources directory -->
	<resources mapping="/resources/**" location="/resources/" />

	<!-- webjars javascript path -->
	<resources mapping="/webjars/**"
		location="classpath:/META-INF/resources/webjars/" />

	<!-- 일반 파일 업로드 경로 -->
	<resources mapping="/imgUpload/**"
		location="/resources/imgUpload/" />

	<beans:bean
		class="org.springframework.web.multipart.commons.CommonsMultipartResolver"
		id="multipartResolver">
		<beans:property name="maxUploadSize" value="10485760" />
	</beans:bean>

	<!-- Resolves views selected for rendering by @Controllers to .jsp resources 
		in the /WEB-INF/views directory -->
	<beans:bean
		class="org.springframework.web.servlet.view.InternalResourceViewResolver">
		<beans:property name="prefix" value="/WEB-INF/views/" />
		<beans:property name="suffix" value=".jsp" />
		<beans:property name="order" value="2" />
		<!-- tiles 사용시 tilesViewResolver 자바빈의 order를 최우선 순위로 높입니다. -->
	</beans:bean>

	<!-- Tiles -->
	<beans:bean id="tilesViewResolver" class="org.springframework.web.servlet.view.UrlBasedViewResolver">
		<beans:property name="viewClass" value="org.springframework.web.servlet.view.tiles3.TilesView" />
		<beans:property name="order" value="1" />
	</beans:bean>

	<beans:bean id="tilesConfigurer" class="org.springframework.web.servlet.view.tiles3.TilesConfigurer">
		<beans:property name="definitions">
			<beans:list>
				<beans:value>/WEB-INF/tiles/tiles.xml</beans:value>
			</beans:list>
		</beans:property>
	</beans:bean>

	<!--인터셉터를 위한 빈  -->
	<beans:bean id="AdminInterceptor" class="com.javateam.TimeLabel.util.AdminInterceptor" />
	<interceptors>
		<interceptor>
			<mapping path="/admin/**" />
			<beans:ref bean="AdminInterceptor" />
		</interceptor>
	</interceptors>

	<!--인터셉터를 위한 빈  -->
	<beans:bean id="UserInterceptor" class="com.javateam.TimeLabel.util.UserInterceptor" />
	<interceptors>
		<interceptor>
			<mapping path="/user/order/**" />
			<mapping path="/order/**"/>
			<beans:ref bean="UserInterceptor" />
		</interceptor>
	</interceptors>

	<!--인터셉터를 위한 빈  -->
	<beans:bean id="CartInterceptor" class="com.javateam.TimeLabel.util.CartInterceptor" />
	<interceptors>
		<interceptor>
			<mapping path="/user/cart/**"/>
			<beans:ref bean="CartInterceptor" />
		</interceptor>
	</interceptors>

	<context:component-scan
		base-package="com.javateam.TimeLabel" />

	<!-- <beans:bean class="java.lang.String" id="uploadPath"> -->
	<!-- <beans:constructor-arg value="/resources/" /> -->
	<!-- </beans:bean> -->
</beans:beans>
